id,url,note,tags,preview
1,https://photos.app.goo.gl/xUGGQ9SazF7RMK6a7,,,
2,https://www.icloud.com/freeform/05cV4qcYqE2dGAPB-3Is4r04Q#box1,,,
3,https://www.icloud.com/freeform/05cV4qcYqE2dGAPB-3Is4r04Q#box1,,,
4,https://photos.app.goo.gl/xUGGQ9SazF7RMK6a7,,,
5,https://photos.app.goo.gl/xUGGQ9SazF7RMK6a7,,,
6,https://photos.app.goo.gl/xUGGQ9SazF7RMK6a7,,,
7,https://photos.app.goo.gl/xUGGQ9SazF7RMK6a7,,,
8,https://photos.app.goo.gl/xUGGQ9SazF7RMK6a7,,,
9,https://photos.app.goo.gl/xUGGQ9SazF7RMK6a7,,,
10,https://photos.app.goo.gl/xUGGQ9SazF7RMK6a7,,,
11,https://photos.app.goo.gl/xUGGQ9SazF7RMK6a7,,,
12,https://photos.app.goo.gl/xUGGQ9SazF7RMK6a7,,,
13,https://photos.app.goo.gl/xUGGQ9SazF7RMK6a7,,,
14,https://photos.app.goo.gl/xUGGQ9SazF7RMK6a7,,,
15,https://photos.app.goo.gl/xUGGQ9SazF7RMK6a7,,,
16,https://photos.app.goo.gl/xUGGQ9SazF7RMK6a7,,,
17,https://photos.app.goo.gl/xUGGQ9SazF7RMK6a7,,,
18,https://photos.app.goo.gl/xUGGQ9SazF7RMK6a7,,,
19,https://photos.app.goo.gl/xUGGQ9SazF7RMK6a7,,,
20,https://photos.app.goo.gl/xUGGQ9SazF7RMK6a7,,,
21,https://photos.app.goo.gl/xUGGQ9SazF7RMK6a7,,,
22,https://photos.app.goo.gl/xUGGQ9SazF7RMK6a7,,,
23,,,,
24,,,,
25,,,,
26,,,,
27,,,,
28,,,,
29,,,,
30,,,,
31,,,,
32,,,,
33,,,,
34,,,,
35,,,,
36,,,,
37,,,,
38,,,,
39,,,,
40,,,,
41,,,,
42,,,,
43,,,,
44,,,,
45,,,,
46,,,,
47,,,,
48,,,,
49,,,,
50,,,,